{
  "metricas": {
    "media": {
      "forma1": {
        "mod_razona_cuantitat_punt_norm_sbpro": {
          "mae": 0.0644287399594531,
          "rmse": 0.08365926806948473,
          "r2": 0.36760687953810356
        },
        "mod_lectura_critica_punt_norm_sbpro": {
          "mae": 0.0614580435467244,
          "rmse": 0.08216750093412215,
          "r2": 0.37777980080469886
        },
        "mod_competen_ciudada_punt_norm_sbpro": {
          "mae": 0.06997006613047477,
          "rmse": 0.09342358441607407,
          "r2": 0.34439666112296896
        },
        "mod_ingles_punt_norm_sbpro": {
          "mae": 0.05037221424708678,
          "rmse": 0.07112930209651927,
          "r2": 0.6002698450617812
        }
      },
      "forma2": {
        "mod_razona_cuantitat_punt_norm_sbpro": {
          "mae": 0.06808727879802354,
          "rmse": 0.0880458150722962,
          "r2": 0.2995511090874591
        },
        "mod_lectura_critica_punt_norm_sbpro": {
          "mae": 0.06436497727914238,
          "rmse": 0.08479566576796757,
          "r2": 0.3373392351286142
        },
        "mod_competen_ciudada_punt_norm_sbpro": {
          "mae": 0.07382949795356006,
          "rmse": 0.09687944886869373,
          "r2": 0.29499625544179486
        },
        "mod_ingles_punt_norm_sbpro": {
          "mae": 0.055486590084053496,
          "rmse": 0.07666298268241271,
          "r2": 0.5356545001006485
        }
      }
    },
    "reglineal": {
      "forma1": {
        "mod_razona_cuantitat_punt_norm_sbpro": {
          "mae": 0.06286022572786641,
          "rmse": 0.08196286169600274,
          "r2": 0.39299363945874266
        },
        "mod_lectura_critica_punt_norm_sbpro": {
          "mae": 0.061070154729784554,
          "rmse": 0.0818049590307058,
          "r2": 0.3832584446825632
        },
        "mod_competen_ciudada_punt_norm_sbpro": {
          "mae": 0.06922419557004247,
          "rmse": 0.09279745509959351,
          "r2": 0.353154982760005
        },
        "mod_ingles_punt_norm_sbpro": {
          "mae": 0.048535178285261625,
          "rmse": 0.06899221687495057,
          "r2": 0.6239288510684038
        }
      },
      "forma2": {
        "mod_razona_cuantitat_punt_norm_sbpro": {
          "mae": 0.06232900700467287,
          "rmse": 0.08143795338134122,
          "r2": 0.40074354994293004
        },
        "mod_lectura_critica_punt_norm_sbpro": {
          "mae": 0.06138439114704057,
          "rmse": 0.08192408786658138,
          "r2": 0.38146087150020425
        },
        "mod_competen_ciudada_punt_norm_sbpro": {
          "mae": 0.06992348230210212,
          "rmse": 0.09334710092170663,
          "r2": 0.34546967302382603
        },
        "mod_ingles_punt_norm_sbpro": {
          "mae": 0.04856825248067394,
          "rmse": 0.06897222658724314,
          "r2": 0.6241467504686655
        }
      }
    }
  },
  "seleccion_k": {
    "forma1": {
      "k_elegido": 256,
      "barrido": [
        {
          "k": 8,
          "mae_val": 0.06491325026033436
        },
        {
          "k": 16,
          "mae_val": 0.06397642425477632
        },
        {
          "k": 32,
          "mae_val": 0.06321041282903526
        },
        {
          "k": 64,
          "mae_val": 0.06253699629335858
        },
        {
          "k": 128,
          "mae_val": 0.06198365001239078
        },
        {
          "k": 256,
          "mae_val": 0.061573487827532886
        }
      ]
    },
    "forma2": {
      "k_elegido": 256,
      "barrido": [
        {
          "k": 8,
          "mae_val": 0.07215720593242261
        },
        {
          "k": 16,
          "mae_val": 0.07274292210982086
        },
        {
          "k": 32,
          "mae_val": 0.07072382073000885
        },
        {
          "k": 64,
          "mae_val": 0.06802971501096766
        },
        {
          "k": 128,
          "mae_val": 0.0666088492280685
        },
        {
          "k": 256,
          "mae_val": 0.06549384168183696
        }
      ]
    }
  }
}