{
  "forma1": {
    "mod_razona_cuantitat_punt_norm_sbpro": {
      "mae": 0.057661183178424835,
      "mse": 0.005419119261205196,
      "rmse": 0.07361466743255175,
      "r2": 0.5103477239608765
    },
    "mod_lectura_critica_punt_norm_sbpro": {
      "mae": 0.061528775840997696,
      "mse": 0.006542321760207415,
      "rmse": 0.08088462004737003,
      "r2": 0.39705753326416016
    },
    "mod_competen_ciudada_punt_norm_sbpro": {
      "mae": 0.06822850555181503,
      "mse": 0.00738708209246397,
      "rmse": 0.08594813606160386,
      "r2": 0.4451174736022949
    },
    "mod_ingles_punt_norm_sbpro": {
      "mae": 0.0498955212533474,
      "mse": 0.0050706276670098305,
      "rmse": 0.0712083398697781,
      "r2": 0.5993809700012207
    }
  },
  "forma2": {
    "mod_razona_cuantitat_punt_norm_sbpro": {
      "mae": 0.061432428658008575,
      "mse": 0.00635491032153368,
      "rmse": 0.07971769139616175,
      "r2": 0.4257930517196655
    },
    "mod_lectura_critica_punt_norm_sbpro": {
      "mae": 0.06138400360941887,
      "mse": 0.006446199491620064,
      "rmse": 0.08028822760293108,
      "r2": 0.40591615438461304
    },
    "mod_competen_ciudada_punt_norm_sbpro": {
      "mae": 0.06923996657133102,
      "mse": 0.008123324252665043,
      "rmse": 0.09012948603351205,
      "r2": 0.38981449604034424
    },
    "mod_ingles_punt_norm_sbpro": {
      "mae": 0.04864127188920975,
      "mse": 0.0049087610095739365,
      "rmse": 0.07006255069274837,
      "r2": 0.6121697425842285
    }
  }
}