{
  "forma1": {
    "mod_razona_cuantitat_punt_norm_sbpro": {
      "mae": 0.05918339639902115,
      "rmse": 0.0763912374037307,
      "r2": 0.4727141857147217
    },
    "mod_lectura_critica_punt_norm_sbpro": {
      "mae": 0.060405850410461426,
      "rmse": 0.07872820089826618,
      "r2": 0.42877835035324097
    },
    "mod_competen_ciudada_punt_norm_sbpro": {
      "mae": 0.06869273632764816,
      "rmse": 0.08871299340651226,
      "r2": 0.40884333848953247
    },
    "mod_ingles_punt_norm_sbpro": {
      "mae": 0.05006440356373787,
      "rmse": 0.07146527121062357,
      "r2": 0.5964847803115845
    }
  },
  "forma2": {
    "mod_razona_cuantitat_punt_norm_sbpro": {
      "mae": 0.05943160131573677,
      "rmse": 0.07700467597728818,
      "r2": 0.46421176195144653
    },
    "mod_lectura_critica_punt_norm_sbpro": {
      "mae": 0.06022756174206734,
      "rmse": 0.07861600894816025,
      "r2": 0.43040525913238525
    },
    "mod_competen_ciudada_punt_norm_sbpro": {
      "mae": 0.06893938779830933,
      "rmse": 0.08913606274269492,
      "r2": 0.4031915068626404
    },
    "mod_ingles_punt_norm_sbpro": {
      "mae": 0.049047574400901794,
      "rmse": 0.07051349099241729,
      "r2": 0.607161283493042
    }
  }
}