{
  "forma1": {
    "mod_razona_cuantitat_punt_norm_sbpro": {
      "mae": 0.06249978393316269,
      "rmse": 0.08134450001907581,
      "r2": 0.40211808681488037
    },
    "mod_lectura_critica_punt_norm_sbpro": {
      "mae": 0.06152825802564621,
      "rmse": 0.08223468951024343,
      "r2": 0.3767617344856262
    },
    "mod_competen_ciudada_punt_norm_sbpro": {
      "mae": 0.06919027864933014,
      "rmse": 0.0920827249989474,
      "r2": 0.36308062076568604
    },
    "mod_ingles_punt_norm_sbpro": {
      "mae": 0.04832878336310387,
      "rmse": 0.06922257249236294,
      "r2": 0.6214133501052856
    }
  },
  "forma2": {
    "mod_razona_cuantitat_punt_norm_sbpro": {
      "mae": 0.06092361733317375,
      "rmse": 0.07968078577982976,
      "r2": 0.42632460594177246
    },
    "mod_lectura_critica_punt_norm_sbpro": {
      "mae": 0.060562267899513245,
      "rmse": 0.08070748721276845,
      "r2": 0.3996954560279846
    },
    "mod_competen_ciudada_punt_norm_sbpro": {
      "mae": 0.0697004571557045,
      "rmse": 0.09294088210433994,
      "r2": 0.3511539101600647
    },
    "mod_ingles_punt_norm_sbpro": {
      "mae": 0.04766441881656647,
      "rmse": 0.06817879326366057,
      "r2": 0.6327444314956665
    }
  }
}