{
  "forma1": {
    "mod_razona_cuantitat_punt_norm_sbpro": {
      "mae": 0.07006284594535828,
      "rmse": 0.09007474498412257,
      "r2": 0.2668968439102173
    },
    "mod_lectura_critica_punt_norm_sbpro": {
      "mae": 0.06267497688531876,
      "rmse": 0.08317477040856087,
      "r2": 0.36243098974227905
    },
    "mod_competen_ciudada_punt_norm_sbpro": {
      "mae": 0.07252915948629379,
      "rmse": 0.09592082117834376,
      "r2": 0.3088793158531189
    },
    "mod_ingles_punt_norm_sbpro": {
      "mae": 0.04893951863050461,
      "rmse": 0.07015620516773483,
      "r2": 0.6111321449279785
    }
  },
  "forma2": {
    "mod_razona_cuantitat_punt_norm_sbpro": {
      "mae": 0.06792252510786057,
      "rmse": 0.08796698643862938,
      "r2": 0.3008047938346863
    },
    "mod_lectura_critica_punt_norm_sbpro": {
      "mae": 0.0626121461391449,
      "rmse": 0.08298549352045415,
      "r2": 0.3653295040130615
    },
    "mod_competen_ciudada_punt_norm_sbpro": {
      "mae": 0.07231536507606506,
      "rmse": 0.09554209591164942,
      "r2": 0.31432604789733887
    },
    "mod_ingles_punt_norm_sbpro": {
      "mae": 0.04812274128198624,
      "rmse": 0.06949242206917726,
      "r2": 0.6184558868408203
    }
  }
}