{
  "forma1": {
    "mod_razona_cuantitat_punt_norm_sbpro": {
      "mae": 0.06275074928998947,
      "rmse": 0.08169847781716046,
      "r2": 0.39690327644348145
    },
    "mod_lectura_critica_punt_norm_sbpro": {
      "mae": 0.061134256422519684,
      "rmse": 0.08169134711277697,
      "r2": 0.3849702477455139
    },
    "mod_competen_ciudada_punt_norm_sbpro": {
      "mae": 0.07034722715616226,
      "rmse": 0.09388157433068486,
      "r2": 0.33795297145843506
    },
    "mod_ingles_punt_norm_sbpro": {
      "mae": 0.04902787134051323,
      "rmse": 0.06985077653013276,
      "r2": 0.6145107746124268
    }
  },
  "forma2": {
    "mod_razona_cuantitat_punt_norm_sbpro": {
      "mae": 0.06095082685351372,
      "rmse": 0.07966570661362776,
      "r2": 0.42654168605804443
    },
    "mod_lectura_critica_punt_norm_sbpro": {
      "mae": 0.06080738455057144,
      "rmse": 0.08101153661368156,
      "r2": 0.395163893699646
    },
    "mod_competen_ciudada_punt_norm_sbpro": {
      "mae": 0.07024335116147995,
      "rmse": 0.09354718443024666,
      "r2": 0.34266072511672974
    },
    "mod_ingles_punt_norm_sbpro": {
      "mae": 0.048022642731666565,
      "rmse": 0.06901595667728476,
      "r2": 0.6236699819564819
    }
  }
}