{
  "forma1": {
    "mod_razona_cuantitat_punt_norm_sbpro": {
      "mae": 0.06880685687065125,
      "rmse": 0.08798211951490388,
      "r2": 0.300564169883728
    },
    "mod_lectura_critica_punt_norm_sbpro": {
      "mae": 0.062457937747240067,
      "rmse": 0.08186480973343019,
      "r2": 0.3823556900024414
    },
    "mod_competen_ciudada_punt_norm_sbpro": {
      "mae": 0.07223193347454071,
      "rmse": 0.09437736565107055,
      "r2": 0.33094197511672974
    },
    "mod_ingles_punt_norm_sbpro": {
      "mae": 0.0550173744559288,
      "rmse": 0.07647167409155174,
      "r2": 0.5379691123962402
    }
  },
  "forma2": {
    "mod_razona_cuantitat_punt_norm_sbpro": {
      "mae": 0.06883324682712555,
      "rmse": 0.08882659991321482,
      "r2": 0.28707295656204224
    },
    "mod_lectura_critica_punt_norm_sbpro": {
      "mae": 0.06312674283981323,
      "rmse": 0.08335787224331184,
      "r2": 0.3596208095550537
    },
    "mod_competen_ciudada_punt_norm_sbpro": {
      "mae": 0.07274823635816574,
      "rmse": 0.09538699018190684,
      "r2": 0.31655049324035645
    },
    "mod_ingles_punt_norm_sbpro": {
      "mae": 0.05031540244817734,
      "rmse": 0.07150440157020893,
      "r2": 0.5960427522659302
    }
  }
}